key_id,match_date,Timeliness_Result
1,1970-05-31,Fail
2,1970-05-31,Fail
3,1970-05-31,Fail
4,1970-05-31,Fail
5,1970-05-31,Fail
6,1970-06-03,Pass
7,1970-06-03,Pass
8,1970-06-06,Pass
9,1970-06-06,Pass
10,1970-06-07,Pass
11,1970-06-07,Pass
12,1970-06-07,Pass
13,1970-06-07,Pass
14,1970-06-07,Pass
15,1970-06-07,Pass
16,1970-06-07,Pass
17,1970-06-07,Pass
18,1970-06-10,Pass
19,1970-06-10,Pass
20,1970-06-10,Pass
21,1970-06-11,Pass
22,1970-06-11,Pass
23,1970-06-11,Pass
24,1970-06-11,Pass
25,1970-06-11,Pass
26,1970-06-11,Pass
27,1970-06-11,Pass
28,1970-06-11,Pass
29,1970-06-11,Pass
30,1970-06-14,Pass
31,1970-06-14,Pass
32,1970-06-14,Pass
33,1970-06-14,Pass
34,1970-06-14,Pass
35,1970-06-14,Pass
36,1970-06-14,Pass
37,1970-06-14,Pass
38,1970-06-14,Pass
39,1970-06-17,Pass
40,1970-06-17,Pass
41,1970-06-17,Pass
42,1970-06-17,Pass
43,1970-06-17,Pass
44,1970-06-17,Pass
45,1970-06-17,Pass
46,1970-06-17,Pass
47,1970-06-17,Pass
48,1970-06-17,Pass
49,1970-06-20,Pass
50,1970-06-20,Pass
51,1970-06-21,Pass
52,1970-06-21,Pass
53,1974-06-13,Pass
54,1974-06-13,Pass
55,1974-06-14,Pass
56,1974-06-14,Pass
57,1974-06-14,Pass
58,1974-06-14,Pass
59,1974-06-14,Pass
60,1974-06-14,Pass
61,1974-06-14,Pass
62,1974-06-14,Pass
63,1974-06-14,Pass
64,1974-06-15,Pass
65,1974-06-15,Pass
66,1974-06-15,Pass
67,1974-06-15,Pass
68,1974-06-15,Pass
69,1974-06-15,Pass
70,1974-06-15,Pass
71,1974-06-18,Pass
72,1974-06-18,Pass
73,1974-06-18,Pass
74,1974-06-18,Pass
75,1974-06-18,Pass
76,1974-06-18,Pass
77,1974-06-18,Pass
78,1974-06-18,Pass
79,1974-06-19,Pass
80,1974-06-19,Pass
81,1974-06-19,Pass
82,1974-06-19,Pass
83,1974-06-19,Pass
84,1974-06-19,Pass
85,1974-06-19,Pass
86,1974-06-19,Pass
87,1974-06-19,Pass
88,1974-06-19,Pass
89,1974-06-22,Pass
90,1974-06-22,Pass
91,1974-06-22,Pass
92,1974-06-22,Pass
93,1974-06-22,Pass
94,1974-06-22,Pass
95,1974-06-22,Pass
96,1974-06-22,Pass
97,1974-06-22,Pass
98,1974-06-22,Pass
99,1974-06-22,Pass
100,1974-06-22,Pass
101,1974-06-23,Pass
102,1974-06-23,Pass
103,1974-06-23,Pass
104,1974-06-23,Pass
105,1974-06-23,Pass
106,1974-06-23,Pass
107,1974-06-23,Pass
108,1974-06-23,Pass
109,1974-06-23,Pass
110,1974-06-23,Pass
111,1974-06-23,Pass
112,1974-06-23,Pass
113,1974-06-26,Pass
114,1974-06-26,Pass
115,1974-06-26,Pass
116,1974-06-26,Pass
117,1974-06-26,Pass
118,1974-06-26,Pass
119,1974-06-26,Pass
120,1974-06-26,Pass
121,1974-06-26,Pass
122,1974-06-26,Pass
123,1974-06-26,Pass
124,1974-06-26,Pass
125,1974-06-26,Pass
126,1974-06-26,Pass
127,1974-06-30,Pass
128,1974-06-30,Pass
129,1974-07-03,Pass
130,1974-07-03,Pass
131,1974-07-03,Pass
132,1974-07-03,Pass
133,1974-07-03,Pass
134,1974-07-03,Pass
135,1974-07-03,Pass
136,1974-07-03,Pass
137,1974-07-03,Pass
138,1974-07-03,Pass
139,1974-07-06,Pass
140,1974-07-06,Pass
141,1974-07-07,Pass
142,1974-07-07,Pass
143,1974-07-07,Pass
144,1974-07-07,Pass
145,1978-06-02,Pass
146,1978-06-02,Pass
147,1978-06-02,Pass
148,1978-06-02,Pass
149,1978-06-02,Pass
150,1978-06-02,Pass
151,1978-06-02,Pass
152,1978-06-02,Pass
153,1978-06-03,Pass
154,1978-06-03,Pass
155,1978-06-03,Pass
156,1978-06-06,Pass
157,1978-06-06,Pass
158,1978-06-06,Pass
159,1978-06-06,Pass
160,1978-06-06,Pass
161,1978-06-07,Pass
162,1978-06-07,Pass
163,1978-06-10,Pass
164,1978-06-10,Pass
165,1978-06-10,Pass
166,1978-06-11,Pass
167,1978-06-11,Pass
168,1978-06-14,Pass
169,1978-06-14,Pass
170,1978-06-18,Pass
171,1978-06-18,Pass
172,1978-06-18,Pass
173,1978-06-18,Pass
174,1978-06-18,Pass
175,1978-06-18,Pass
176,1978-06-18,Pass
177,1978-06-18,Pass
178,1978-06-21,Pass
179,1978-06-21,Pass
180,1978-06-21,Pass
181,1978-06-21,Pass
182,1978-06-21,Pass
183,1978-06-21,Pass
184,1978-06-21,Pass
185,1978-06-21,Pass
186,1978-06-24,Pass
187,1978-06-24,Pass
188,1978-06-24,Pass
189,1978-06-25,Pass
190,1978-06-25,Pass
191,1978-06-25,Pass
192,1978-06-25,Pass
193,1978-06-25,Pass
194,1982-06-13,Pass
195,1982-06-13,Pass
196,1982-06-14,Pass
197,1982-06-14,Pass
198,1982-06-14,Pass
199,1982-06-15,Pass
200,1982-06-15,Pass
201,1982-06-15,Pass
202,1982-06-16,Pass
203,1982-06-16,Pass
204,1982-06-16,Pass
205,1982-06-17,Pass
206,1982-06-17,Pass
207,1982-06-17,Pass
208,1982-06-17,Pass
209,1982-06-18,Pass
210,1982-06-18,Pass
211,1982-06-19,Pass
212,1982-06-19,Pass
213,1982-06-19,Pass
214,1982-06-19,Pass
215,1982-06-19,Pass
216,1982-06-20,Pass
217,1982-06-20,Pass
218,1982-06-20,Pass
219,1982-06-20,Pass
220,1982-06-20,Pass
221,1982-06-20,Pass
222,1982-06-20,Pass
223,1982-06-21,Pass
224,1982-06-21,Pass
225,1982-06-21,Pass
226,1982-06-21,Pass
227,1982-06-22,Pass
228,1982-06-22,Pass
229,1982-06-22,Pass
230,1982-06-22,Pass
231,1982-06-23,Pass
232,1982-06-23,Pass
233,1982-06-23,Pass
234,1982-06-23,Pass
235,1982-06-23,Pass
236,1982-06-23,Pass
237,1982-06-23,Pass
238,1982-06-24,Pass
239,1982-06-24,Pass
240,1982-06-24,Pass
241,1982-06-24,Pass
242,1982-06-24,Pass
243,1982-06-24,Pass
244,1982-06-24,Pass
245,1982-06-25,Pass
246,1982-06-25,Pass
247,1982-06-25,Pass
248,1982-06-25,Pass
249,1982-06-25,Pass
250,1982-06-25,Pass
251,1982-06-25,Pass
252,1982-06-25,Pass
253,1982-06-28,Pass
254,1982-06-28,Pass
255,1982-06-29,Pass
256,1982-06-29,Pass
257,1982-06-29,Pass
258,1982-06-29,Pass
259,1982-06-29,Pass
260,1982-06-29,Pass
261,1982-06-29,Pass
262,1982-07-01,Pass
263,1982-07-01,Pass
264,1982-07-02,Pass
265,1982-07-02,Pass
266,1982-07-02,Pass
267,1982-07-02,Pass
268,1982-07-02,Pass
269,1982-07-02,Pass
270,1982-07-02,Pass
271,1982-07-02,Pass
272,1982-07-02,Pass
273,1982-07-04,Pass
274,1982-07-04,Pass
275,1982-07-04,Pass
276,1982-07-04,Pass
277,1982-07-04,Pass
278,1982-07-04,Pass
279,1982-07-04,Pass
280,1982-07-05,Pass
281,1982-07-05,Pass
282,1982-07-05,Pass
283,1982-07-08,Pass
284,1982-07-08,Pass
285,1982-07-08,Pass
286,1982-07-08,Pass
287,1982-07-08,Pass
288,1982-07-08,Pass
289,1982-07-08,Pass
290,1982-07-10,Pass
291,1982-07-10,Pass
292,1982-07-10,Pass
293,1982-07-11,Pass
294,1982-07-11,Pass
295,1982-07-11,Pass
296,1982-07-11,Pass
297,1982-07-11,Pass
298,1986-05-31,Fail
299,1986-05-31,Fail
300,1986-05-31,Fail
301,1986-06-01,Pass
302,1986-06-01,Pass
303,1986-06-02,Pass
304,1986-06-02,Pass
305,1986-06-02,Pass
306,1986-06-03,Pass
307,1986-06-03,Pass
308,1986-06-03,Pass
309,1986-06-03,Pass
310,1986-06-03,Pass
311,1986-06-03,Pass
312,1986-06-03,Pass
313,1986-06-03,Pass
314,1986-06-03,Pass
315,1986-06-03,Pass
316,1986-06-04,Pass
317,1986-06-04,Pass
318,1986-06-04,Pass
319,1986-06-04,Pass
320,1986-06-04,Pass
321,1986-06-05,Pass
322,1986-06-05,Pass
323,1986-06-05,Pass
324,1986-06-05,Pass
325,1986-06-05,Pass
326,1986-06-05,Pass
327,1986-06-05,Pass
328,1986-06-05,Pass
329,1986-06-05,Pass
330,1986-06-05,Pass
331,1986-06-06,Pass
332,1986-06-06,Pass
333,1986-06-06,Pass
334,1986-06-06,Pass
335,1986-06-06,Pass
336,1986-06-06,Pass
337,1986-06-06,Pass
338,1986-06-06,Pass
339,1986-06-07,Pass
340,1986-06-07,Pass
341,1986-06-07,Pass
342,1986-06-07,Pass
343,1986-06-07,Pass
344,1986-06-07,Pass
345,1986-06-07,Pass
346,1986-06-07,Pass
347,1986-06-07,Pass
348,1986-06-08,Pass
349,1986-06-08,Pass
350,1986-06-08,Pass
351,1986-06-08,Pass
352,1986-06-08,Pass
353,1986-06-08,Pass
354,1986-06-08,Pass
355,1986-06-08,Pass
356,1986-06-08,Pass
357,1986-06-08,Pass
358,1986-06-08,Pass
359,1986-06-08,Pass
360,1986-06-08,Pass
361,1986-06-08,Pass
362,1986-06-09,Pass
363,1986-06-09,Pass
364,1986-06-10,Pass
365,1986-06-10,Pass
366,1986-06-10,Pass
367,1986-06-10,Pass
368,1986-06-10,Pass
369,1986-06-10,Pass
370,1986-06-10,Pass
371,1986-06-11,Pass
372,1986-06-11,Pass
373,1986-06-11,Pass
374,1986-06-11,Pass
375,1986-06-11,Pass
376,1986-06-11,Pass
377,1986-06-12,Pass
378,1986-06-12,Pass
379,1986-06-12,Pass
380,1986-06-13,Pass
381,1986-06-13,Pass
382,1986-06-13,Pass
383,1986-06-13,Pass
384,1986-06-13,Pass
385,1986-06-13,Pass
386,1986-06-13,Pass
387,1986-06-13,Pass
388,1986-06-13,Pass
389,1986-06-13,Pass
390,1986-06-15,Pass
391,1986-06-15,Pass
392,1986-06-16,Pass
393,1986-06-16,Pass
394,1986-06-16,Pass
395,1986-06-16,Pass
396,1986-06-16,Pass
397,1986-06-16,Pass
398,1986-06-16,Pass
399,1986-06-16,Pass
400,1986-06-16,Pass
401,1986-06-16,Pass
402,1986-06-16,Pass
403,1986-06-16,Pass
404,1986-06-17,Pass
405,1986-06-17,Pass
406,1986-06-17,Pass
407,1986-06-17,Pass
408,1986-06-17,Pass
409,1986-06-18,Pass
410,1986-06-18,Pass
411,1986-06-18,Pass
412,1986-06-18,Pass
413,1986-06-18,Pass
414,1986-06-18,Pass
415,1986-06-18,Pass
416,1986-06-21,Pass
417,1986-06-21,Pass
418,1986-06-21,Pass
419,1986-06-21,Pass
420,1986-06-21,Pass
421,1986-06-21,Pass
422,1986-06-21,Pass
423,1986-06-21,Pass
424,1986-06-21,Pass
425,1986-06-21,Pass
426,1986-06-22,Pass
427,1986-06-22,Pass
428,1986-06-22,Pass
429,1986-06-22,Pass
430,1986-06-22,Pass
431,1986-06-22,Pass
432,1986-06-25,Pass
433,1986-06-25,Pass
434,1986-06-25,Pass
435,1986-06-25,Pass
436,1986-06-28,Pass
437,1986-06-29,Pass
438,1986-06-29,Pass
439,1986-06-29,Pass
440,1986-06-29,Pass
441,1986-06-29,Pass
442,1986-06-29,Pass
443,1990-06-08,Pass
444,1990-06-08,Pass
445,1990-06-08,Pass
446,1990-06-08,Pass
447,1990-06-08,Pass
448,1990-06-08,Pass
449,1990-06-09,Pass
450,1990-06-09,Pass
451,1990-06-09,Pass
452,1990-06-09,Pass
453,1990-06-09,Pass
454,1990-06-09,Pass
455,1990-06-10,Pass
456,1990-06-10,Pass
457,1990-06-10,Pass
458,1990-06-10,Pass
459,1990-06-10,Pass
460,1990-06-10,Pass
461,1990-06-10,Pass
462,1990-06-10,Pass
463,1990-06-10,Pass
464,1990-06-10,Pass
465,1990-06-11,Pass
466,1990-06-12,Pass
467,1990-06-12,Pass
468,1990-06-12,Pass
469,1990-06-13,Pass
470,1990-06-13,Pass
471,1990-06-13,Pass
472,1990-06-13,Pass
473,1990-06-13,Pass
474,1990-06-13,Pass
475,1990-06-13,Pass
476,1990-06-13,Pass
477,1990-06-13,Pass
478,1990-06-13,Pass
479,1990-06-14,Pass
480,1990-06-14,Pass
481,1990-06-14,Pass
482,1990-06-14,Pass
483,1990-06-14,Pass
484,1990-06-14,Pass
485,1990-06-15,Pass
486,1990-06-15,Pass
487,1990-06-15,Pass
488,1990-06-15,Pass
489,1990-06-15,Pass
490,1990-06-15,Pass
491,1990-06-15,Pass
492,1990-06-15,Pass
493,1990-06-16,Pass
494,1990-06-16,Pass
495,1990-06-16,Pass
496,1990-06-16,Pass
497,1990-06-16,Pass
498,1990-06-16,Pass
499,1990-06-17,Pass
500,1990-06-17,Pass
501,1990-06-17,Pass
502,1990-06-17,Pass
503,1990-06-17,Pass
504,1990-06-17,Pass
505,1990-06-17,Pass
506,1990-06-17,Pass
507,1990-06-18,Pass
508,1990-06-18,Pass
509,1990-06-18,Pass
510,1990-06-18,Pass
511,1990-06-18,Pass
512,1990-06-18,Pass
513,1990-06-18,Pass
514,1990-06-18,Pass
515,1990-06-19,Pass
516,1990-06-19,Pass
517,1990-06-19,Pass
518,1990-06-19,Pass
519,1990-06-19,Pass
520,1990-06-19,Pass
521,1990-06-19,Pass
522,1990-06-19,Pass
523,1990-06-19,Pass
524,1990-06-19,Pass
525,1990-06-19,Pass
526,1990-06-19,Pass
527,1990-06-19,Pass
528,1990-06-19,Pass
529,1990-06-19,Pass
530,1990-06-19,Pass
531,1990-06-19,Pass
532,1990-06-19,Pass
533,1990-06-19,Pass
534,1990-06-19,Pass
535,1990-06-19,Pass
536,1990-06-19,Pass
537,1990-06-19,Pass
538,1990-06-20,Pass
539,1990-06-20,Pass
540,1990-06-20,Pass
541,1990-06-20,Pass
542,1990-06-20,Pass
543,1990-06-20,Pass
544,1990-06-21,Pass
545,1990-06-21,Pass
546,1990-06-21,Pass
547,1990-06-21,Pass
548,1990-06-21,Pass
549,1990-06-21,Pass
550,1990-06-21,Pass
551,1990-06-21,Pass
552,1990-06-21,Pass
553,1990-06-21,Pass
554,1990-06-23,Pass
555,1990-06-23,Pass
556,1990-06-23,Pass
557,1990-06-23,Pass
558,1990-06-23,Pass
559,1990-06-23,Pass
560,1990-06-23,Pass
561,1990-06-23,Pass
562,1990-06-23,Pass
563,1990-06-23,Pass
564,1990-06-23,Pass
565,1990-06-24,Pass
566,1990-06-24,Pass
567,1990-06-24,Pass
568,1990-06-24,Pass
569,1990-06-24,Pass
570,1990-06-24,Pass
571,1990-06-24,Pass
572,1990-06-24,Pass
573,1990-06-24,Pass
574,1990-06-24,Pass
575,1990-06-24,Pass
576,1990-06-24,Pass
577,1990-06-24,Pass
578,1990-06-25,Pass
579,1990-06-25,Pass
580,1990-06-25,Pass
581,1990-06-25,Pass
582,1990-06-25,Pass
583,1990-06-25,Pass
584,1990-06-25,Pass
585,1990-06-25,Pass
586,1990-06-25,Pass
587,1990-06-26,Pass
588,1990-06-26,Pass
589,1990-06-26,Pass
590,1990-06-26,Pass
591,1990-06-26,Pass
592,1990-06-26,Pass
593,1990-06-30,Pass
594,1990-06-30,Pass
595,1990-06-30,Pass
596,1990-06-30,Pass
597,1990-06-30,Pass
598,1990-06-30,Pass
599,1990-06-30,Pass
600,1990-06-30,Pass
629,1994-06-17,Pass
601,1990-07-01,Pass
602,1990-07-01,Pass
603,1990-07-01,Pass
604,1990-07-01,Pass
605,1990-07-01,Pass
606,1990-07-01,Pass
607,1990-07-01,Pass
608,1990-07-01,Pass
609,1990-07-01,Pass
610,1990-07-01,Pass
611,1990-07-03,Pass
612,1990-07-03,Pass
613,1990-07-03,Pass
614,1990-07-03,Pass
615,1990-07-03,Pass
616,1990-07-03,Pass
617,1990-07-03,Pass
618,1990-07-04,Pass
619,1990-07-04,Pass
620,1990-07-04,Pass
621,1990-07-08,Pass
622,1990-07-08,Pass
623,1990-07-08,Pass
624,1990-07-08,Pass
625,1990-07-08,Pass
626,1990-07-08,Pass
627,1994-06-17,Pass
628,1994-06-17,Pass
630,1994-06-17,Pass
631,1994-06-17,Pass
632,1994-06-17,Pass
633,1994-06-17,Pass
634,1994-06-17,Pass
635,1994-06-17,Pass
636,1994-06-17,Pass
637,1994-06-17,Pass
638,1994-06-17,Pass
639,1994-06-18,Pass
640,1994-06-18,Pass
641,1994-06-18,Pass
642,1994-06-18,Pass
643,1994-06-18,Pass
644,1994-06-18,Pass
645,1994-06-18,Pass
646,1994-06-18,Pass
647,1994-06-18,Pass
648,1994-06-18,Pass
649,1994-06-19,Pass
650,1994-06-19,Pass
651,1994-06-19,Pass
652,1994-06-19,Pass
653,1994-06-19,Pass
654,1994-06-19,Pass
655,1994-06-19,Pass
656,1994-06-19,Pass
657,1994-06-19,Pass
658,1994-06-19,Pass
659,1994-06-20,Pass
660,1994-06-20,Pass
661,1994-06-20,Pass
662,1994-06-20,Pass
663,1994-06-20,Pass
664,1994-06-20,Pass
665,1994-06-20,Pass
666,1994-06-20,Pass
667,1994-06-21,Pass
668,1994-06-21,Pass
669,1994-06-21,Pass
670,1994-06-21,Pass
671,1994-06-21,Pass
672,1994-06-21,Pass
673,1994-06-21,Pass
674,1994-06-21,Pass
675,1994-06-21,Pass
676,1994-06-22,Pass
677,1994-06-22,Pass
678,1994-06-22,Pass
679,1994-06-22,Pass
680,1994-06-22,Pass
681,1994-06-22,Pass
682,1994-06-23,Pass
683,1994-06-23,Pass
684,1994-06-23,Pass
685,1994-06-23,Pass
686,1994-06-23,Pass
687,1994-06-23,Pass
688,1994-06-23,Pass
689,1994-06-23,Pass
690,1994-06-23,Pass
691,1994-06-23,Pass
692,1994-06-23,Pass
693,1994-06-24,Pass
694,1994-06-24,Pass
695,1994-06-24,Pass
696,1994-06-24,Pass
697,1994-06-24,Pass
698,1994-06-24,Pass
699,1994-06-24,Pass
700,1994-06-24,Pass
701,1994-06-24,Pass
702,1994-06-24,Pass
703,1994-06-24,Pass
704,1994-06-24,Pass
705,1994-06-24,Pass
706,1994-06-24,Pass
707,1994-06-25,Pass
708,1994-06-25,Pass
709,1994-06-25,Pass
710,1994-06-25,Pass
711,1994-06-25,Pass
712,1994-06-25,Pass
713,1994-06-25,Pass
714,1994-06-25,Pass
715,1994-06-25,Pass
716,1994-06-25,Pass
717,1994-06-25,Pass
718,1994-06-25,Pass
719,1994-06-25,Pass
720,1994-06-25,Pass
721,1994-06-25,Pass
722,1994-06-26,Pass
723,1994-06-26,Pass
724,1994-06-26,Pass
725,1994-06-26,Pass
726,1994-06-26,Pass
727,1994-06-26,Pass
728,1994-06-26,Pass
729,1994-06-26,Pass
730,1994-06-26,Pass
731,1994-06-26,Pass
732,1994-06-26,Pass
733,1994-06-26,Pass
734,1994-06-26,Pass
735,1994-06-26,Pass
736,1994-06-26,Pass
737,1994-06-26,Pass
738,1994-06-26,Pass
739,1994-06-27,Pass
740,1994-06-27,Pass
741,1994-06-27,Pass
742,1994-06-27,Pass
743,1994-06-27,Pass
744,1994-06-27,Pass
745,1994-06-28,Pass
746,1994-06-28,Pass
747,1994-06-28,Pass
748,1994-06-28,Pass
749,1994-06-28,Pass
750,1994-06-28,Pass
751,1994-06-28,Pass
752,1994-06-28,Pass
753,1994-06-28,Pass
754,1994-06-28,Pass
755,1994-06-28,Pass
756,1994-06-28,Pass
757,1994-06-28,Pass
758,1994-06-28,Pass
759,1994-06-28,Pass
760,1994-06-28,Pass
761,1994-06-29,Pass
762,1994-06-29,Pass
763,1994-06-29,Pass
764,1994-06-29,Pass
765,1994-06-29,Pass
766,1994-06-29,Pass
767,1994-06-29,Pass
768,1994-06-29,Pass
769,1994-06-29,Pass
770,1994-06-29,Pass
771,1994-06-29,Pass
772,1994-06-30,Pass
773,1994-06-30,Pass
774,1994-06-30,Pass
775,1994-06-30,Pass
776,1994-06-30,Pass
777,1994-06-30,Pass
778,1994-06-30,Pass
779,1994-06-30,Pass
780,1994-06-30,Pass
781,1994-06-30,Pass
782,1994-06-30,Pass
783,1994-06-30,Pass
784,1994-06-30,Pass
785,1994-07-02,Pass
786,1994-07-02,Pass
787,1994-07-02,Pass
788,1994-07-02,Pass
789,1994-07-02,Pass
790,1994-07-02,Pass
791,1994-07-02,Pass
792,1994-07-02,Pass
793,1994-07-02,Pass
794,1994-07-02,Pass
795,1994-07-02,Pass
796,1994-07-03,Pass
797,1994-07-03,Pass
798,1994-07-03,Pass
799,1994-07-03,Pass
800,1994-07-03,Pass
801,1994-07-03,Pass
802,1994-07-03,Pass
803,1994-07-03,Pass
804,1994-07-03,Pass
805,1994-07-03,Pass
806,1994-07-03,Pass
807,1994-07-04,Pass
808,1994-07-04,Pass
809,1994-07-04,Pass
810,1994-07-04,Pass
811,1994-07-04,Pass
812,1994-07-04,Pass
813,1994-07-04,Pass
814,1994-07-04,Pass
815,1994-07-04,Pass
816,1994-07-05,Pass
817,1994-07-05,Pass
818,1994-07-05,Pass
819,1994-07-05,Pass
820,1994-07-05,Pass
821,1994-07-05,Pass
822,1994-07-05,Pass
823,1994-07-05,Pass
824,1994-07-05,Pass
825,1994-07-05,Pass
826,1994-07-05,Pass
827,1994-07-05,Pass
828,1994-07-05,Pass
829,1994-07-05,Pass
830,1994-07-05,Pass
831,1994-07-05,Pass
832,1994-07-05,Pass
833,1994-07-05,Pass
834,1994-07-05,Pass
835,1994-07-05,Pass
836,1994-07-09,Pass
837,1994-07-09,Pass
838,1994-07-09,Pass
839,1994-07-09,Pass
840,1994-07-09,Pass
841,1994-07-10,Pass
842,1994-07-10,Pass
843,1994-07-10,Pass
844,1994-07-10,Pass
845,1994-07-10,Pass
846,1994-07-10,Pass
847,1994-07-10,Pass
848,1994-07-10,Pass
849,1994-07-10,Pass
850,1994-07-10,Pass
851,1994-07-10,Pass
852,1994-07-10,Pass
853,1994-07-10,Pass
854,1994-07-10,Pass
855,1994-07-13,Pass
856,1994-07-13,Pass
857,1994-07-13,Pass
858,1994-07-13,Pass
859,1994-07-13,Pass
860,1994-07-13,Pass
861,1994-07-13,Pass
862,1994-07-13,Pass
863,1994-07-13,Pass
864,1994-07-16,Pass
865,1994-07-16,Pass
866,1994-07-17,Pass
867,1994-07-17,Pass
868,1994-07-17,Pass
869,1994-07-17,Pass
870,1998-06-10,Pass
871,1998-06-10,Pass
872,1998-06-10,Pass
873,1998-06-10,Pass
874,1998-06-11,Pass
875,1998-06-11,Pass
876,1998-06-11,Pass
877,1998-06-11,Pass
878,1998-06-11,Pass
879,1998-06-11,Pass
880,1998-06-11,Pass
881,1998-06-12,Pass
882,1998-06-12,Pass
883,1998-06-12,Pass
884,1998-06-12,Pass
885,1998-06-12,Pass
886,1998-06-12,Pass
887,1998-06-12,Pass
888,1998-06-12,Pass
889,1998-06-12,Pass
890,1998-06-12,Pass
891,1998-06-12,Pass
892,1998-06-12,Pass
893,1998-06-12,Pass
894,1998-06-13,Pass
895,1998-06-13,Pass
896,1998-06-13,Pass
897,1998-06-13,Pass
898,1998-06-13,Pass
899,1998-06-13,Pass
900,1998-06-13,Pass
901,1998-06-13,Pass
902,1998-06-13,Pass
903,1998-06-13,Pass
904,1998-06-13,Pass
905,1998-06-14,Pass
906,1998-06-14,Pass
907,1998-06-14,Pass
908,1998-06-14,Pass
909,1998-06-14,Pass
910,1998-06-14,Pass
911,1998-06-14,Pass
912,1998-06-14,Pass
913,1998-06-15,Pass
914,1998-06-15,Pass
915,1998-06-15,Pass
916,1998-06-15,Pass
917,1998-06-15,Pass
918,1998-06-15,Pass
919,1998-06-15,Pass
920,1998-06-15,Pass
921,1998-06-15,Pass
922,1998-06-15,Pass
923,1998-06-15,Pass
924,1998-06-15,Pass
925,1998-06-15,Pass
926,1998-06-16,Pass
927,1998-06-16,Pass
928,1998-06-16,Pass
929,1998-06-16,Pass
930,1998-06-16,Pass
931,1998-06-16,Pass
932,1998-06-16,Pass
933,1998-06-16,Pass
934,1998-06-17,Pass
935,1998-06-17,Pass
936,1998-06-17,Pass
937,1998-06-17,Pass
938,1998-06-17,Pass
939,1998-06-17,Pass
940,1998-06-17,Pass
941,1998-06-17,Pass
942,1998-06-17,Pass
943,1998-06-17,Pass
944,1998-06-17,Pass
945,1998-06-17,Pass
946,1998-06-18,Pass
2297,2018-06-20,Pass
947,1998-06-18,Pass
948,1998-06-18,Pass
949,1998-06-18,Pass
950,1998-06-18,Pass
951,1998-06-18,Pass
952,1998-06-18,Pass
953,1998-06-18,Pass
954,1998-06-18,Pass
955,1998-06-18,Pass
956,1998-06-18,Pass
957,1998-06-18,Pass
958,1998-06-18,Pass
959,1998-06-18,Pass
960,1998-06-18,Pass
961,1998-06-18,Pass
962,1998-06-19,Pass
963,1998-06-19,Pass
964,1998-06-19,Pass
965,1998-06-19,Pass
966,1998-06-19,Pass
967,1998-06-19,Pass
968,1998-06-19,Pass
969,1998-06-19,Pass
970,1998-06-19,Pass
971,1998-06-19,Pass
972,1998-06-20,Pass
973,1998-06-20,Pass
974,1998-06-20,Pass
975,1998-06-20,Pass
976,1998-06-20,Pass
977,1998-06-20,Pass
978,1998-06-20,Pass
979,1998-06-20,Pass
980,1998-06-20,Pass
981,1998-06-20,Pass
982,1998-06-20,Pass
983,1998-06-20,Pass
984,1998-06-21,Pass
985,1998-06-21,Pass
986,1998-06-21,Pass
987,1998-06-21,Pass
988,1998-06-21,Pass
989,1998-06-21,Pass
990,1998-06-21,Pass
991,1998-06-21,Pass
992,1998-06-22,Pass
993,1998-06-22,Pass
994,1998-06-22,Pass
995,1998-06-22,Pass
996,1998-06-22,Pass
997,1998-06-22,Pass
998,1998-06-22,Pass
999,1998-06-23,Pass
1000,1998-06-23,Pass
1001,1998-06-23,Pass
1002,1998-06-23,Pass
1003,1998-06-23,Pass
1004,1998-06-23,Pass
1005,1998-06-23,Pass
1006,1998-06-23,Pass
1007,1998-06-23,Pass
1008,1998-06-23,Pass
1009,1998-06-23,Pass
1010,1998-06-23,Pass
1011,1998-06-23,Pass
1012,1998-06-23,Pass
1013,1998-06-23,Pass
1014,1998-06-23,Pass
1015,1998-06-23,Pass
1016,1998-06-24,Pass
1017,1998-06-24,Pass
1018,1998-06-24,Pass
1019,1998-06-24,Pass
1020,1998-06-24,Pass
1021,1998-06-24,Pass
1022,1998-06-24,Pass
1023,1998-06-24,Pass
1024,1998-06-24,Pass
1025,1998-06-24,Pass
1026,1998-06-24,Pass
1027,1998-06-24,Pass
1028,1998-06-24,Pass
1029,1998-06-25,Pass
1030,1998-06-25,Pass
1031,1998-06-25,Pass
1032,1998-06-25,Pass
1033,1998-06-25,Pass
1034,1998-06-25,Pass
1035,1998-06-25,Pass
1036,1998-06-25,Pass
1037,1998-06-25,Pass
1038,1998-06-25,Pass
1039,1998-06-25,Pass
1040,1998-06-25,Pass
1041,1998-06-25,Pass
1042,1998-06-25,Pass
1043,1998-06-25,Pass
1044,1998-06-25,Pass
1045,1998-06-25,Pass
1046,1998-06-25,Pass
1047,1998-06-26,Pass
1048,1998-06-26,Pass
1049,1998-06-26,Pass
1050,1998-06-26,Pass
1051,1998-06-26,Pass
1052,1998-06-26,Pass
1053,1998-06-26,Pass
1054,1998-06-26,Pass
1055,1998-06-26,Pass
1056,1998-06-26,Pass
1057,1998-06-26,Pass
1058,1998-06-26,Pass
1059,1998-06-26,Pass
1060,1998-06-26,Pass
1061,1998-06-26,Pass
1062,1998-06-26,Pass
1063,1998-06-26,Pass
1064,1998-06-27,Pass
1065,1998-06-27,Pass
1066,1998-06-27,Pass
1067,1998-06-27,Pass
1068,1998-06-27,Pass
1069,1998-06-27,Pass
1070,1998-06-27,Pass
1071,1998-06-27,Pass
1072,1998-06-27,Pass
1073,1998-06-27,Pass
1074,1998-06-28,Pass
1075,1998-06-28,Pass
1076,1998-06-28,Pass
1077,1998-06-28,Pass
1078,1998-06-28,Pass
1079,1998-06-28,Pass
1080,1998-06-28,Pass
1081,1998-06-29,Pass
1082,1998-06-29,Pass
1083,1998-06-29,Pass
1084,1998-06-29,Pass
1085,1998-06-29,Pass
1086,1998-06-29,Pass
1087,1998-06-29,Pass
1088,1998-06-29,Pass
1089,1998-06-29,Pass
1090,1998-06-30,Pass
1091,1998-06-30,Pass
1092,1998-06-30,Pass
1093,1998-06-30,Pass
1094,1998-06-30,Pass
1095,1998-06-30,Pass
1096,1998-06-30,Pass
1097,1998-06-30,Pass
1098,1998-06-30,Pass
1099,1998-06-30,Pass
1100,1998-06-30,Pass
1101,1998-06-30,Pass
1102,1998-07-03,Pass
1103,1998-07-03,Pass
1104,1998-07-03,Pass
1105,1998-07-03,Pass
1106,1998-07-03,Pass
1107,1998-07-03,Pass
1108,1998-07-03,Pass
1109,1998-07-03,Pass
1110,1998-07-03,Pass
1111,1998-07-03,Pass
1112,1998-07-03,Pass
1113,1998-07-04,Pass
1114,1998-07-04,Pass
1115,1998-07-04,Pass
1116,1998-07-04,Pass
1117,1998-07-04,Pass
1118,1998-07-04,Pass
1119,1998-07-04,Pass
1120,1998-07-04,Pass
1121,1998-07-04,Pass
1122,1998-07-04,Pass
1123,1998-07-04,Pass
1124,1998-07-04,Pass
1125,1998-07-07,Pass
1126,1998-07-07,Pass
1127,1998-07-07,Pass
1128,1998-07-07,Pass
1129,1998-07-07,Pass
1130,1998-07-07,Pass
1131,1998-07-08,Pass
1132,1998-07-08,Pass
1133,1998-07-08,Pass
1134,1998-07-08,Pass
1135,1998-07-11,Pass
1136,1998-07-11,Pass
1137,1998-07-11,Pass
1138,1998-07-11,Pass
1139,1998-07-11,Pass
1140,1998-07-11,Pass
1141,1998-07-12,Pass
1142,1998-07-12,Pass
1143,1998-07-12,Pass
1144,1998-07-12,Pass
1145,1998-07-12,Pass
1146,2002-05-31,Fail
1147,2002-05-31,Fail
1148,2002-06-01,Pass
1149,2002-06-01,Pass
1150,2002-06-01,Pass
1151,2002-06-01,Pass
1152,2002-06-01,Pass
1153,2002-06-01,Pass
1154,2002-06-01,Pass
1155,2002-06-01,Pass
1156,2002-06-01,Pass
1157,2002-06-01,Pass
1158,2002-06-02,Pass
1159,2002-06-02,Pass
1160,2002-06-02,Pass
1161,2002-06-02,Pass
1162,2002-06-02,Pass
1163,2002-06-02,Pass
1164,2002-06-02,Pass
1165,2002-06-02,Pass
1166,2002-06-02,Pass
1167,2002-06-02,Pass
1168,2002-06-02,Pass
1169,2002-06-02,Pass
1170,2002-06-02,Pass
1171,2002-06-02,Pass
1172,2002-06-02,Pass
1173,2002-06-02,Pass
1174,2002-06-02,Pass
1175,2002-06-03,Pass
1176,2002-06-03,Pass
1177,2002-06-03,Pass
1178,2002-06-03,Pass
1179,2002-06-03,Pass
1180,2002-06-03,Pass
1181,2002-06-03,Pass
1182,2002-06-03,Pass
1183,2002-06-03,Pass
1184,2002-06-03,Pass
1185,2002-06-03,Pass
1186,2002-06-04,Pass
1187,2002-06-04,Pass
1188,2002-06-04,Pass
1189,2002-06-04,Pass
1190,2002-06-04,Pass
1191,2002-06-04,Pass
1192,2002-06-04,Pass
1193,2002-06-04,Pass
1194,2002-06-04,Pass
1195,2002-06-04,Pass
1196,2002-06-04,Pass
1197,2002-06-04,Pass
1198,2002-06-04,Pass
1199,2002-06-04,Pass
1200,2002-06-04,Pass
1201,2002-06-04,Pass
1202,2002-06-04,Pass
1203,2002-06-05,Pass
1204,2002-06-05,Pass
1205,2002-06-05,Pass
1206,2002-06-05,Pass
1207,2002-06-05,Pass
1208,2002-06-05,Pass
1209,2002-06-05,Pass
1210,2002-06-06,Pass
1211,2002-06-06,Pass
1212,2002-06-06,Pass
1213,2002-06-06,Pass
1214,2002-06-06,Pass
1215,2002-06-06,Pass
1216,2002-06-06,Pass
1217,2002-06-06,Pass
1218,2002-06-06,Pass
1219,2002-06-06,Pass
1220,2002-06-06,Pass
1221,2002-06-06,Pass
1222,2002-06-06,Pass
1223,2002-06-06,Pass
1224,2002-06-06,Pass
1225,2002-06-07,Pass
1226,2002-06-07,Pass
1227,2002-06-07,Pass
1228,2002-06-07,Pass
1229,2002-06-07,Pass
1230,2002-06-07,Pass
1231,2002-06-07,Pass
1232,2002-06-07,Pass
1233,2002-06-07,Pass
1234,2002-06-07,Pass
1235,2002-06-08,Pass
1236,2002-06-08,Pass
1237,2002-06-08,Pass
1238,2002-06-08,Pass
1239,2002-06-08,Pass
1240,2002-06-08,Pass
1241,2002-06-08,Pass
1242,2002-06-08,Pass
1243,2002-06-08,Pass
1244,2002-06-08,Pass
1245,2002-06-09,Pass
1246,2002-06-09,Pass
1247,2002-06-09,Pass
1248,2002-06-09,Pass
1249,2002-06-09,Pass
1250,2002-06-09,Pass
1251,2002-06-09,Pass
1252,2002-06-09,Pass
1253,2002-06-09,Pass
1254,2002-06-09,Pass
1255,2002-06-09,Pass
1256,2002-06-09,Pass
1257,2002-06-09,Pass
1258,2002-06-09,Pass
1259,2002-06-09,Pass
1260,2002-06-09,Pass
1261,2002-06-09,Pass
1262,2002-06-10,Pass
1263,2002-06-10,Pass
1264,2002-06-10,Pass
1265,2002-06-10,Pass
1266,2002-06-10,Pass
1267,2002-06-10,Pass
1268,2002-06-10,Pass
1269,2002-06-10,Pass
1270,2002-06-10,Pass
1271,2002-06-10,Pass
1272,2002-06-10,Pass
1273,2002-06-10,Pass
1274,2002-06-10,Pass
1275,2002-06-11,Pass
1276,2002-06-11,Pass
1277,2002-06-11,Pass
1278,2002-06-11,Pass
1279,2002-06-11,Pass
1280,2002-06-11,Pass
1281,2002-06-11,Pass
1282,2002-06-11,Pass
1283,2002-06-11,Pass
1284,2002-06-11,Pass
1285,2002-06-11,Pass
1286,2002-06-11,Pass
1287,2002-06-11,Pass
1288,2002-06-11,Pass
1289,2002-06-11,Pass
1290,2002-06-11,Pass
1291,2002-06-11,Pass
1292,2002-06-11,Pass
1293,2002-06-11,Pass
1294,2002-06-11,Pass
1295,2002-06-11,Pass
1296,2002-06-11,Pass
1297,2002-06-11,Pass
1298,2002-06-11,Pass
1299,2002-06-11,Pass
1300,2002-06-11,Pass
1301,2002-06-11,Pass
1302,2002-06-11,Pass
1303,2002-06-11,Pass
1304,2002-06-11,Pass
1305,2002-06-11,Pass
1306,2002-06-11,Pass
1307,2002-06-11,Pass
1308,2002-06-12,Pass
1309,2002-06-12,Pass
1310,2002-06-12,Pass
1311,2002-06-12,Pass
1312,2002-06-12,Pass
1313,2002-06-12,Pass
1314,2002-06-12,Pass
1315,2002-06-12,Pass
1316,2002-06-12,Pass
1317,2002-06-12,Pass
1318,2002-06-12,Pass
1319,2002-06-12,Pass
1320,2002-06-12,Pass
1321,2002-06-12,Pass
1322,2002-06-12,Pass
1323,2002-06-12,Pass
1324,2002-06-13,Pass
1325,2002-06-13,Pass
1326,2002-06-13,Pass
1327,2002-06-13,Pass
1328,2002-06-13,Pass
1329,2002-06-13,Pass
1330,2002-06-13,Pass
1331,2002-06-13,Pass
1332,2002-06-13,Pass
1333,2002-06-13,Pass
1334,2002-06-13,Pass
1335,2002-06-13,Pass
1336,2002-06-13,Pass
1337,2002-06-13,Pass
1338,2002-06-13,Pass
1339,2002-06-13,Pass
1340,2002-06-13,Pass
1341,2002-06-14,Pass
1342,2002-06-14,Pass
1343,2002-06-14,Pass
1344,2002-06-14,Pass
1345,2002-06-14,Pass
1346,2002-06-14,Pass
1347,2002-06-14,Pass
1348,2002-06-14,Pass
1349,2002-06-14,Pass
1350,2002-06-14,Pass
1351,2002-06-14,Pass
1352,2002-06-14,Pass
1353,2002-06-14,Pass
1354,2002-06-14,Pass
1355,2002-06-14,Pass
1356,2002-06-14,Pass
1357,2002-06-14,Pass
1358,2002-06-14,Pass
1359,2002-06-14,Pass
1360,2002-06-14,Pass
1361,2002-06-15,Pass
1362,2002-06-15,Pass
1363,2002-06-15,Pass
1364,2002-06-15,Pass
1365,2002-06-15,Pass
1366,2002-06-15,Pass
1367,2002-06-15,Pass
1368,2002-06-15,Pass
1369,2002-06-16,Pass
1370,2002-06-16,Pass
1371,2002-06-16,Pass
1372,2002-06-16,Pass
1373,2002-06-16,Pass
1374,2002-06-17,Pass
1375,2002-06-17,Pass
1376,2002-06-17,Pass
1377,2002-06-17,Pass
1378,2002-06-17,Pass
1379,2002-06-17,Pass
1380,2002-06-17,Pass
1381,2002-06-17,Pass
1382,2002-06-17,Pass
1383,2002-06-17,Pass
1384,2002-06-17,Pass
1385,2002-06-17,Pass
1386,2002-06-17,Pass
1387,2002-06-18,Pass
1388,2002-06-18,Pass
1389,2002-06-18,Pass
1390,2002-06-18,Pass
1391,2002-06-18,Pass
1392,2002-06-18,Pass
1393,2002-06-18,Pass
1394,2002-06-18,Pass
1395,2002-06-18,Pass
1396,2002-06-18,Pass
1397,2002-06-18,Pass
1398,2002-06-18,Pass
1399,2002-06-18,Pass
1400,2002-06-21,Pass
1401,2002-06-21,Pass
1402,2002-06-21,Pass
1403,2002-06-21,Pass
1404,2002-06-21,Pass
1405,2002-06-21,Pass
1406,2002-06-21,Pass
1407,2002-06-21,Pass
1408,2002-06-21,Pass
1409,2002-06-21,Pass
1410,2002-06-22,Pass
1411,2002-06-22,Pass
1412,2002-06-22,Pass
1413,2002-06-22,Pass
1414,2002-06-22,Pass
1415,2002-06-22,Pass
1416,2002-06-22,Pass
1417,2002-06-25,Pass
1418,2002-06-25,Pass
1419,2002-06-25,Pass
1420,2002-06-26,Pass
1421,2002-06-26,Pass
1422,2002-06-26,Pass
1423,2002-06-29,Pass
1424,2002-06-29,Pass
1425,2002-06-29,Pass
1426,2002-06-30,Pass
1427,2002-06-30,Pass
1428,2006-06-09,Pass
1429,2006-06-09,Pass
1430,2006-06-09,Pass
1431,2006-06-09,Pass
1432,2006-06-10,Pass
1433,2006-06-10,Pass
1434,2006-06-10,Pass
1435,2006-06-10,Pass
1436,2006-06-10,Pass
1437,2006-06-10,Pass
1438,2006-06-10,Pass
1439,2006-06-10,Pass
1440,2006-06-10,Pass
1441,2006-06-10,Pass
1442,2006-06-10,Pass
1443,2006-06-10,Pass
1444,2006-06-11,Pass
1445,2006-06-11,Pass
1446,2006-06-11,Pass
1447,2006-06-11,Pass
1448,2006-06-11,Pass
1449,2006-06-11,Pass
1450,2006-06-11,Pass
1451,2006-06-11,Pass
1452,2006-06-11,Pass
1453,2006-06-11,Pass
1454,2006-06-11,Pass
1455,2006-06-11,Pass
1456,2006-06-11,Pass
1457,2006-06-11,Pass
1458,2006-06-12,Pass
1459,2006-06-12,Pass
1460,2006-06-12,Pass
1461,2006-06-12,Pass
1462,2006-06-12,Pass
1463,2006-06-12,Pass
1464,2006-06-12,Pass
1465,2006-06-12,Pass
1466,2006-06-12,Pass
1467,2006-06-12,Pass
1468,2006-06-12,Pass
1469,2006-06-12,Pass
1470,2006-06-12,Pass
1471,2006-06-12,Pass
1472,2006-06-12,Pass
1473,2006-06-12,Pass
1474,2006-06-12,Pass
1475,2006-06-12,Pass
1476,2006-06-13,Pass
1477,2006-06-13,Pass
1478,2006-06-13,Pass
1479,2006-06-13,Pass
1480,2006-06-13,Pass
1481,2006-06-13,Pass
1482,2006-06-13,Pass
1483,2006-06-13,Pass
1484,2006-06-13,Pass
1485,2006-06-13,Pass
1486,2006-06-13,Pass
1487,2006-06-13,Pass
1488,2006-06-13,Pass
1489,2006-06-13,Pass
1490,2006-06-13,Pass
1491,2006-06-13,Pass
1492,2006-06-13,Pass
1493,2006-06-13,Pass
1494,2006-06-14,Pass
1495,2006-06-14,Pass
1496,2006-06-14,Pass
1497,2006-06-14,Pass
1498,2006-06-14,Pass
1499,2006-06-14,Pass
1500,2006-06-14,Pass
1501,2006-06-14,Pass
1502,2006-06-14,Pass
1503,2006-06-14,Pass
1504,2006-06-14,Pass
1505,2006-06-14,Pass
1506,2006-06-14,Pass
1507,2006-06-14,Pass
1508,2006-06-15,Pass
1509,2006-06-15,Pass
1510,2006-06-15,Pass
1511,2006-06-15,Pass
1512,2006-06-15,Pass
1513,2006-06-15,Pass
1514,2006-06-15,Pass
1515,2006-06-15,Pass
1516,2006-06-15,Pass
1517,2006-06-15,Pass
1518,2006-06-15,Pass
1519,2006-06-15,Pass
1520,2006-06-15,Pass
1521,2006-06-15,Pass
1522,2006-06-15,Pass
1523,2006-06-15,Pass
1524,2006-06-15,Pass
1525,2006-06-15,Pass
1526,2006-06-15,Pass
1527,2006-06-16,Pass
1528,2006-06-16,Pass
1529,2006-06-16,Pass
1530,2006-06-16,Pass
1531,2006-06-16,Pass
1532,2006-06-16,Pass
1533,2006-06-16,Pass
1534,2006-06-16,Pass
1535,2006-06-16,Pass
1536,2006-06-16,Pass
1537,2006-06-16,Pass
1538,2006-06-16,Pass
1539,2006-06-16,Pass
1540,2006-06-16,Pass
1541,2006-06-16,Pass
1542,2006-06-16,Pass
1543,2006-06-16,Pass
1544,2006-06-16,Pass
1545,2006-06-17,Pass
1546,2006-06-17,Pass
1547,2006-06-17,Pass
1548,2006-06-17,Pass
1549,2006-06-17,Pass
1550,2006-06-17,Pass
1551,2006-06-17,Pass
1552,2006-06-17,Pass
1553,2006-06-17,Pass
1554,2006-06-17,Pass
1555,2006-06-17,Pass
1556,2006-06-17,Pass
1557,2006-06-17,Pass
1558,2006-06-17,Pass
1559,2006-06-17,Pass
1560,2006-06-17,Pass
1561,2006-06-17,Pass
1562,2006-06-17,Pass
1563,2006-06-17,Pass
1564,2006-06-17,Pass
1565,2006-06-17,Pass
1566,2006-06-18,Pass
1567,2006-06-18,Pass
1568,2006-06-18,Pass
1569,2006-06-18,Pass
1570,2006-06-18,Pass
1571,2006-06-18,Pass
1572,2006-06-18,Pass
1573,2006-06-18,Pass
1574,2006-06-18,Pass
1575,2006-06-18,Pass
1576,2006-06-18,Pass
1577,2006-06-18,Pass
1578,2006-06-18,Pass
1579,2006-06-18,Pass
1580,2006-06-19,Pass
1581,2006-06-19,Pass
1582,2006-06-19,Pass
1583,2006-06-19,Pass
1584,2006-06-19,Pass
1585,2006-06-19,Pass
1586,2006-06-19,Pass
1587,2006-06-19,Pass
1588,2006-06-19,Pass
1589,2006-06-19,Pass
1590,2006-06-19,Pass
1591,2006-06-19,Pass
1592,2006-06-19,Pass
1593,2006-06-19,Pass
1594,2006-06-19,Pass
1595,2006-06-19,Pass
1596,2006-06-19,Pass
1597,2006-06-19,Pass
1598,2006-06-20,Pass
1599,2006-06-20,Pass
1600,2006-06-20,Pass
1601,2006-06-20,Pass
1602,2006-06-20,Pass
1603,2006-06-20,Pass
1604,2006-06-20,Pass
1605,2006-06-20,Pass
1606,2006-06-20,Pass
1607,2006-06-20,Pass
1608,2006-06-20,Pass
1609,2006-06-20,Pass
1610,2006-06-20,Pass
1611,2006-06-20,Pass
1612,2006-06-20,Pass
1613,2006-06-20,Pass
1614,2006-06-20,Pass
1615,2006-06-20,Pass
1616,2006-06-20,Pass
1617,2006-06-21,Pass
1618,2006-06-21,Pass
1619,2006-06-21,Pass
1620,2006-06-21,Pass
1621,2006-06-21,Pass
1622,2006-06-21,Pass
1623,2006-06-21,Pass
1624,2006-06-21,Pass
1625,2006-06-21,Pass
1626,2006-06-21,Pass
1627,2006-06-21,Pass
1628,2006-06-21,Pass
1629,2006-06-21,Pass
1630,2006-06-21,Pass
1631,2006-06-21,Pass
1632,2006-06-21,Pass
1633,2006-06-21,Pass
1634,2006-06-21,Pass
1635,2006-06-21,Pass
1636,2006-06-21,Pass
1637,2006-06-21,Pass
1638,2006-06-21,Pass
1639,2006-06-21,Pass
1640,2006-06-21,Pass
1641,2006-06-21,Pass
1642,2006-06-21,Pass
1643,2006-06-21,Pass
1644,2006-06-21,Pass
1645,2006-06-21,Pass
1646,2006-06-22,Pass
1647,2006-06-22,Pass
1648,2006-06-22,Pass
1649,2006-06-22,Pass
1650,2006-06-22,Pass
1651,2006-06-22,Pass
1652,2006-06-22,Pass
1653,2006-06-22,Pass
1654,2006-06-22,Pass
1655,2006-06-22,Pass
1656,2006-06-22,Pass
1657,2006-06-22,Pass
1658,2006-06-22,Pass
1659,2006-06-22,Pass
1660,2006-06-22,Pass
1661,2006-06-22,Pass
1662,2006-06-22,Pass
1663,2006-06-22,Pass
1664,2006-06-23,Pass
1665,2006-06-23,Pass
1666,2006-06-23,Pass
1667,2006-06-23,Pass
1668,2006-06-23,Pass
1669,2006-06-23,Pass
1670,2006-06-23,Pass
1671,2006-06-23,Pass
1672,2006-06-23,Pass
1673,2006-06-23,Pass
1674,2006-06-23,Pass
1675,2006-06-23,Pass
1676,2006-06-23,Pass
1677,2006-06-23,Pass
1678,2006-06-23,Pass
1679,2006-06-23,Pass
1680,2006-06-23,Pass
1681,2006-06-23,Pass
1682,2006-06-23,Pass
1683,2006-06-23,Pass
1684,2006-06-23,Pass
1685,2006-06-23,Pass
1686,2006-06-23,Pass
1687,2006-06-23,Pass
1688,2006-06-23,Pass
1689,2006-06-23,Pass
1690,2006-06-23,Pass
1691,2006-06-24,Pass
1692,2006-06-24,Pass
1693,2006-06-24,Pass
1694,2006-06-24,Pass
1695,2006-06-24,Pass
1696,2006-06-24,Pass
1697,2006-06-24,Pass
1698,2006-06-24,Pass
1699,2006-06-24,Pass
1700,2006-06-24,Pass
1701,2006-06-24,Pass
1702,2006-06-25,Pass
1703,2006-06-25,Pass
1704,2006-06-25,Pass
1705,2006-06-25,Pass
1706,2006-06-25,Pass
1707,2006-06-25,Pass
1708,2006-06-25,Pass
1709,2006-06-25,Pass
1710,2006-06-25,Pass
1711,2006-06-25,Pass
1712,2006-06-25,Pass
1713,2006-06-25,Pass
1714,2006-06-25,Pass
1715,2006-06-25,Pass
1716,2006-06-25,Pass
1717,2006-06-25,Pass
1718,2006-06-25,Pass
1719,2006-06-25,Pass
1720,2006-06-25,Pass
1721,2006-06-25,Pass
1722,2006-06-25,Pass
1723,2006-06-25,Pass
1724,2006-06-26,Pass
1725,2006-06-26,Pass
1726,2006-06-26,Pass
1727,2006-06-26,Pass
1728,2006-06-26,Pass
1729,2006-06-26,Pass
1730,2006-06-26,Pass
1731,2006-06-26,Pass
1732,2006-06-27,Pass
1733,2006-06-27,Pass
1734,2006-06-27,Pass
1735,2006-06-27,Pass
1736,2006-06-27,Pass
1737,2006-06-27,Pass
1738,2006-06-27,Pass
1739,2006-06-27,Pass
1740,2006-06-27,Pass
1741,2006-06-27,Pass
1742,2006-06-27,Pass
1743,2006-06-27,Pass
1744,2006-06-30,Pass
1745,2006-06-30,Pass
1746,2006-06-30,Pass
1747,2006-06-30,Pass
1748,2006-06-30,Pass
1749,2006-06-30,Pass
1750,2006-06-30,Pass
1751,2006-06-30,Pass
1752,2006-06-30,Pass
1753,2006-06-30,Pass
1754,2006-07-01,Pass
1755,2006-07-01,Pass
1756,2006-07-01,Pass
1757,2006-07-01,Pass
1758,2006-07-01,Pass
1759,2006-07-01,Pass
1760,2006-07-01,Pass
1761,2006-07-01,Pass
1762,2006-07-01,Pass
1763,2006-07-01,Pass
1764,2006-07-01,Pass
1765,2006-07-01,Pass
1766,2006-07-04,Pass
1767,2006-07-04,Pass
1768,2006-07-04,Pass
1769,2006-07-05,Pass
1770,2006-07-05,Pass
1771,2006-07-08,Pass
1772,2006-07-08,Pass
1773,2006-07-08,Pass
1774,2006-07-08,Pass
1775,2006-07-08,Pass
1776,2006-07-09,Pass
1777,2006-07-09,Pass
1778,2006-07-09,Pass
1779,2006-07-09,Pass
1780,2006-07-09,Pass
1781,2010-06-11,Pass
1782,2010-06-11,Pass
1783,2010-06-11,Pass
1784,2010-06-11,Pass
1785,2010-06-11,Pass
1786,2010-06-11,Pass
1787,2010-06-11,Pass
1788,2010-06-11,Pass
1789,2010-06-11,Pass
1790,2010-06-11,Pass
1791,2010-06-11,Pass
1792,2010-06-12,Pass
1793,2010-06-12,Pass
1794,2010-06-12,Pass
1795,2010-06-12,Pass
1796,2010-06-12,Pass
1797,2010-06-12,Pass
1798,2010-06-12,Pass
1799,2010-06-12,Pass
1800,2010-06-12,Pass
1801,2010-06-13,Pass
1802,2010-06-13,Pass
1803,2010-06-13,Pass
1804,2010-06-13,Pass
1805,2010-06-13,Pass
1806,2010-06-13,Pass
1807,2010-06-13,Pass
1808,2010-06-13,Pass
1809,2010-06-13,Pass
1810,2010-06-13,Pass
1811,2010-06-13,Pass
1812,2010-06-13,Pass
1813,2010-06-13,Pass
1814,2010-06-13,Pass
1815,2010-06-13,Pass
1816,2010-06-13,Pass
1817,2010-06-13,Pass
1818,2010-06-14,Pass
1819,2010-06-14,Pass
1820,2010-06-14,Pass
1821,2010-06-14,Pass
1822,2010-06-14,Pass
1823,2010-06-14,Pass
1824,2010-06-14,Pass
1825,2010-06-15,Pass
1826,2010-06-15,Pass
1827,2010-06-15,Pass
1828,2010-06-15,Pass
1829,2010-06-15,Pass
1830,2010-06-15,Pass
1831,2010-06-15,Pass
1832,2010-06-16,Pass
1833,2010-06-16,Pass
1834,2010-06-16,Pass
1835,2010-06-16,Pass
1836,2010-06-16,Pass
1837,2010-06-16,Pass
1838,2010-06-16,Pass
1839,2010-06-16,Pass
1840,2010-06-16,Pass
1841,2010-06-16,Pass
1842,2010-06-17,Pass
1843,2010-06-17,Pass
1844,2010-06-17,Pass
1845,2010-06-17,Pass
1846,2010-06-17,Pass
1847,2010-06-17,Pass
1848,2010-06-17,Pass
1849,2010-06-17,Pass
1850,2010-06-17,Pass
1851,2010-06-17,Pass
1852,2010-06-17,Pass
1853,2010-06-17,Pass
1854,2010-06-17,Pass
1855,2010-06-17,Pass
1856,2010-06-17,Pass
1857,2010-06-17,Pass
1858,2010-06-18,Pass
1859,2010-06-18,Pass
1860,2010-06-18,Pass
1861,2010-06-18,Pass
1862,2010-06-18,Pass
1863,2010-06-18,Pass
1864,2010-06-18,Pass
1865,2010-06-18,Pass
1866,2010-06-18,Pass
1867,2010-06-18,Pass
1868,2010-06-18,Pass
1869,2010-06-18,Pass
1870,2010-06-18,Pass
1871,2010-06-18,Pass
1872,2010-06-18,Pass
1873,2010-06-18,Pass
1874,2010-06-19,Pass
1875,2010-06-19,Pass
1876,2010-06-19,Pass
1877,2010-06-19,Pass
1878,2010-06-19,Pass
1879,2010-06-19,Pass
1880,2010-06-19,Pass
1881,2010-06-19,Pass
1882,2010-06-19,Pass
1883,2010-06-19,Pass
1884,2010-06-20,Pass
1885,2010-06-20,Pass
1886,2010-06-20,Pass
1887,2010-06-20,Pass
1888,2010-06-20,Pass
1889,2010-06-20,Pass
1890,2010-06-20,Pass
1891,2010-06-20,Pass
1892,2010-06-20,Pass
1893,2010-06-20,Pass
1894,2010-06-20,Pass
1895,2010-06-20,Pass
1896,2010-06-21,Pass
1897,2010-06-21,Pass
1898,2010-06-21,Pass
1899,2010-06-21,Pass
1900,2010-06-21,Pass
1901,2010-06-21,Pass
1902,2010-06-21,Pass
1903,2010-06-21,Pass
1904,2010-06-21,Pass
1905,2010-06-21,Pass
1906,2010-06-21,Pass
1907,2010-06-21,Pass
1908,2010-06-21,Pass
1909,2010-06-21,Pass
1910,2010-06-21,Pass
1911,2010-06-21,Pass
1912,2010-06-22,Pass
1913,2010-06-22,Pass
1914,2010-06-22,Pass
1915,2010-06-22,Pass
1916,2010-06-22,Pass
1917,2010-06-22,Pass
1918,2010-06-22,Pass
1919,2010-06-22,Pass
1920,2010-06-22,Pass
1921,2010-06-22,Pass
1922,2010-06-22,Pass
1923,2010-06-23,Pass
1924,2010-06-23,Pass
1925,2010-06-23,Pass
1926,2010-06-23,Pass
1927,2010-06-23,Pass
1928,2010-06-23,Pass
1929,2010-06-23,Pass
1930,2010-06-23,Pass
1931,2010-06-23,Pass
1932,2010-06-23,Pass
1933,2010-06-23,Pass
1934,2010-06-23,Pass
1935,2010-06-23,Pass
1936,2010-06-23,Pass
1937,2010-06-23,Pass
1938,2010-06-23,Pass
1939,2010-06-23,Pass
1940,2010-06-24,Pass
1941,2010-06-24,Pass
1942,2010-06-24,Pass
1943,2010-06-24,Pass
1944,2010-06-24,Pass
1945,2010-06-24,Pass
1946,2010-06-24,Pass
1947,2010-06-24,Pass
1948,2010-06-24,Pass
1949,2010-06-24,Pass
1950,2010-06-24,Pass
1951,2010-06-24,Pass
1952,2010-06-24,Pass
1953,2010-06-24,Pass
1954,2010-06-24,Pass
1955,2010-06-24,Pass
1956,2010-06-24,Pass
1957,2010-06-24,Pass
1958,2010-06-24,Pass
1959,2010-06-24,Pass
1960,2010-06-24,Pass
1961,2010-06-25,Pass
1962,2010-06-25,Pass
1963,2010-06-25,Pass
1964,2010-06-25,Pass
1965,2010-06-25,Pass
1966,2010-06-25,Pass
1967,2010-06-25,Pass
1968,2010-06-25,Pass
1969,2010-06-25,Pass
1970,2010-06-25,Pass
1971,2010-06-25,Pass
1972,2010-06-25,Pass
1973,2010-06-25,Pass
1974,2010-06-25,Pass
1975,2010-06-25,Pass
1976,2010-06-25,Pass
1977,2010-06-26,Pass
1978,2010-06-26,Pass
1979,2010-06-26,Pass
1980,2010-06-26,Pass
1981,2010-06-26,Pass
1982,2010-06-26,Pass
1983,2010-06-26,Pass
1984,2010-06-26,Pass
1985,2010-06-27,Pass
1986,2010-06-27,Pass
1987,2010-06-27,Pass
1988,2010-06-28,Pass
1989,2010-06-28,Pass
1990,2010-06-28,Pass
1991,2010-06-28,Pass
1992,2010-06-28,Pass
1993,2010-06-28,Pass
1994,2010-06-28,Pass
1995,2010-06-28,Pass
1996,2010-06-28,Pass
1997,2010-06-28,Pass
1998,2010-06-29,Pass
1999,2010-06-29,Pass
2000,2010-06-29,Pass
2001,2010-06-29,Pass
2002,2010-06-29,Pass
2003,2010-06-29,Pass
2004,2010-06-29,Pass
2005,2010-06-29,Pass
2006,2010-07-02,Pass
2007,2010-07-02,Pass
2008,2010-07-02,Pass
2009,2010-07-02,Pass
2010,2010-07-02,Pass
2011,2010-07-02,Pass
2012,2010-07-02,Pass
2013,2010-07-02,Pass
2014,2010-07-02,Pass
2015,2010-07-02,Pass
2016,2010-07-02,Pass
2017,2010-07-02,Pass
2018,2010-07-02,Pass
2019,2010-07-03,Pass
2020,2010-07-03,Pass
2021,2010-07-03,Pass
2022,2010-07-03,Pass
2023,2010-07-03,Pass
2024,2010-07-03,Pass
2025,2010-07-03,Pass
2026,2010-07-03,Pass
2027,2010-07-03,Pass
2028,2010-07-06,Pass
2029,2010-07-06,Pass
2030,2010-07-06,Pass
2031,2010-07-06,Pass
2032,2010-07-06,Pass
2033,2010-07-10,Pass
2034,2010-07-10,Pass
2035,2010-07-10,Pass
2036,2010-07-10,Pass
2037,2010-07-11,Pass
2038,2010-07-11,Pass
2039,2010-07-11,Pass
2040,2010-07-11,Pass
2041,2010-07-11,Pass
2042,2010-07-11,Pass
2043,2010-07-11,Pass
2044,2010-07-11,Pass
2045,2010-07-11,Pass
2046,2010-07-11,Pass
2047,2010-07-11,Pass
2048,2010-07-11,Pass
2049,2010-07-11,Pass
2050,2010-07-11,Pass
2051,2014-06-12,Pass
2052,2014-06-12,Pass
2053,2014-06-12,Pass
2054,2014-06-12,Pass
2055,2014-06-13,Pass
2056,2014-06-13,Pass
2057,2014-06-13,Pass
2058,2014-06-13,Pass
2059,2014-06-13,Pass
2060,2014-06-13,Pass
2061,2014-06-13,Pass
2062,2014-06-13,Pass
2063,2014-06-13,Pass
2064,2014-06-13,Pass
2065,2014-06-14,Pass
2066,2014-06-14,Pass
2067,2014-06-14,Pass
2068,2014-06-14,Pass
2069,2014-06-14,Pass
2070,2014-06-14,Pass
2071,2014-06-14,Pass
2072,2014-06-14,Pass
2073,2014-06-14,Pass
2074,2014-06-14,Pass
2075,2014-06-14,Pass
2076,2014-06-14,Pass
2077,2014-06-15,Pass
2078,2014-06-15,Pass
2079,2014-06-15,Pass
2080,2014-06-15,Pass
2081,2014-06-15,Pass
2082,2014-06-15,Pass
2083,2014-06-15,Pass
2084,2014-06-15,Pass
2085,2014-06-15,Pass
2086,2014-06-15,Pass
2087,2014-06-15,Pass
2088,2014-06-16,Pass
2089,2014-06-16,Pass
2090,2014-06-16,Pass
2091,2014-06-16,Pass
2092,2014-06-16,Pass
2093,2014-06-17,Pass
2094,2014-06-17,Pass
2095,2014-06-17,Pass
2096,2014-06-17,Pass
2097,2014-06-17,Pass
2098,2014-06-17,Pass
2099,2014-06-17,Pass
2100,2014-06-17,Pass
2101,2014-06-17,Pass
2102,2014-06-17,Pass
2103,2014-06-18,Pass
2104,2014-06-18,Pass
2105,2014-06-18,Pass
2106,2014-06-18,Pass
2107,2014-06-18,Pass
2108,2014-06-18,Pass
2109,2014-06-18,Pass
2110,2014-06-19,Pass
2111,2014-06-19,Pass
2112,2014-06-19,Pass
2113,2014-06-19,Pass
2114,2014-06-19,Pass
2115,2014-06-19,Pass
2116,2014-06-19,Pass
2117,2014-06-19,Pass
2118,2014-06-19,Pass
2119,2014-06-20,Pass
2120,2014-06-20,Pass
2121,2014-06-20,Pass
2122,2014-06-20,Pass
2123,2014-06-20,Pass
2124,2014-06-20,Pass
2125,2014-06-20,Pass
2126,2014-06-20,Pass
2127,2014-06-21,Pass
2128,2014-06-21,Pass
2129,2014-06-21,Pass
2130,2014-06-21,Pass
2131,2014-06-21,Pass
2132,2014-06-22,Pass
2133,2014-06-22,Pass
2134,2014-06-22,Pass
2135,2014-06-22,Pass
2136,2014-06-22,Pass
2137,2014-06-22,Pass
2138,2014-06-22,Pass
2139,2014-06-23,Pass
2140,2014-06-23,Pass
2141,2014-06-23,Pass
2142,2014-06-23,Pass
2143,2014-06-23,Pass
2144,2014-06-23,Pass
2145,2014-06-23,Pass
2146,2014-06-23,Pass
2147,2014-06-23,Pass
2148,2014-06-23,Pass
2149,2014-06-23,Pass
2150,2014-06-23,Pass
2151,2014-06-24,Pass
2152,2014-06-24,Pass
2153,2014-06-24,Pass
2154,2014-06-24,Pass
2155,2014-06-24,Pass
2156,2014-06-24,Pass
2157,2014-06-24,Pass
2158,2014-06-24,Pass
2159,2014-06-24,Pass
2160,2014-06-24,Pass
2161,2014-06-24,Pass
2162,2014-06-24,Pass
2163,2014-06-24,Pass
2164,2014-06-25,Pass
2165,2014-06-25,Pass
2166,2014-06-25,Pass
2167,2014-06-25,Pass
2168,2014-06-25,Pass
2169,2014-06-25,Pass
2170,2014-06-25,Pass
2171,2014-06-26,Pass
2172,2014-06-26,Pass
2173,2014-06-26,Pass
2174,2014-06-26,Pass
2175,2014-06-26,Pass
2176,2014-06-26,Pass
2177,2014-06-26,Pass
2178,2014-06-26,Pass
2179,2014-06-26,Pass
2180,2014-06-26,Pass
2181,2014-06-26,Pass
2182,2014-06-26,Pass
2183,2014-06-26,Pass
2184,2014-06-26,Pass
2185,2014-06-28,Pass
2186,2014-06-28,Pass
2187,2014-06-28,Pass
2188,2014-06-28,Pass
2189,2014-06-28,Pass
2190,2014-06-28,Pass
2191,2014-06-28,Pass
2192,2014-06-28,Pass
2193,2014-06-28,Pass
2194,2014-06-29,Pass
2195,2014-06-29,Pass
2196,2014-06-29,Pass
2197,2014-06-29,Pass
2198,2014-06-29,Pass
2199,2014-06-29,Pass
2200,2014-06-29,Pass
2201,2014-06-29,Pass
2202,2014-06-29,Pass
2203,2014-06-29,Pass
2204,2014-06-30,Pass
2205,2014-06-30,Pass
2206,2014-06-30,Pass
2207,2014-07-01,Pass
2208,2014-07-01,Pass
2209,2014-07-01,Pass
2210,2014-07-01,Pass
2211,2014-07-01,Pass
2212,2014-07-01,Pass
2213,2014-07-01,Pass
2214,2014-07-04,Pass
2215,2014-07-04,Pass
2216,2014-07-04,Pass
2217,2014-07-04,Pass
2218,2014-07-04,Pass
2219,2014-07-04,Pass
2220,2014-07-05,Pass
2221,2014-07-05,Pass
2222,2014-07-05,Pass
2223,2014-07-05,Pass
2224,2014-07-05,Pass
2225,2014-07-05,Pass
2226,2014-07-05,Pass
2227,2014-07-05,Pass
2228,2014-07-05,Pass
2229,2014-07-08,Pass
2230,2014-07-09,Pass
2231,2014-07-09,Pass
2232,2014-07-09,Pass
2233,2014-07-12,Pass
2234,2014-07-12,Pass
2235,2014-07-12,Pass
2236,2014-07-12,Pass
2237,2014-07-12,Pass
2238,2014-07-13,Pass
2239,2014-07-13,Pass
2240,2014-07-13,Pass
2241,2014-07-13,Pass
2242,2018-06-14,Pass
2243,2018-06-14,Pass
2244,2018-06-15,Pass
2245,2018-06-15,Pass
2246,2018-06-15,Pass
2247,2018-06-15,Pass
2248,2018-06-15,Pass
2249,2018-06-15,Pass
2250,2018-06-15,Pass
2251,2018-06-15,Pass
2252,2018-06-16,Pass
2253,2018-06-16,Pass
2254,2018-06-16,Pass
2255,2018-06-16,Pass
2256,2018-06-16,Pass
2257,2018-06-16,Pass
2258,2018-06-16,Pass
2259,2018-06-16,Pass
2260,2018-06-16,Pass
2261,2018-06-16,Pass
2262,2018-06-17,Pass
2263,2018-06-17,Pass
2264,2018-06-17,Pass
2265,2018-06-17,Pass
2266,2018-06-17,Pass
2267,2018-06-17,Pass
2268,2018-06-17,Pass
2269,2018-06-17,Pass
2270,2018-06-17,Pass
2271,2018-06-17,Pass
2272,2018-06-17,Pass
2273,2018-06-17,Pass
2274,2018-06-18,Pass
2275,2018-06-18,Pass
2276,2018-06-18,Pass
2277,2018-06-18,Pass
2278,2018-06-18,Pass
2279,2018-06-18,Pass
2280,2018-06-18,Pass
2281,2018-06-18,Pass
2282,2018-06-18,Pass
2283,2018-06-18,Pass
2284,2018-06-18,Pass
2285,2018-06-18,Pass
2286,2018-06-19,Pass
2287,2018-06-19,Pass
2288,2018-06-19,Pass
2289,2018-06-19,Pass
2290,2018-06-19,Pass
2291,2018-06-19,Pass
2292,2018-06-19,Pass
2293,2018-06-19,Pass
2294,2018-06-19,Pass
2295,2018-06-20,Pass
2296,2018-06-20,Pass
2298,2018-06-20,Pass
2299,2018-06-21,Pass
2300,2018-06-21,Pass
2301,2018-06-21,Pass
2302,2018-06-21,Pass
2303,2018-06-21,Pass
2304,2018-06-21,Pass
2305,2018-06-21,Pass
2306,2018-06-21,Pass
2307,2018-06-21,Pass
2308,2018-06-21,Pass
2309,2018-06-21,Pass
2310,2018-06-21,Pass
2311,2018-06-21,Pass
2312,2018-06-22,Pass
2313,2018-06-22,Pass
2314,2018-06-22,Pass
2315,2018-06-22,Pass
2316,2018-06-22,Pass
2317,2018-06-22,Pass
2318,2018-06-22,Pass
2319,2018-06-22,Pass
2320,2018-06-22,Pass
2321,2018-06-23,Pass
2322,2018-06-23,Pass
2323,2018-06-23,Pass
2324,2018-06-23,Pass
2325,2018-06-23,Pass
2326,2018-06-23,Pass
2327,2018-06-23,Pass
2328,2018-06-23,Pass
2329,2018-06-23,Pass
2330,2018-06-24,Pass
2331,2018-06-24,Pass
2332,2018-06-24,Pass
2333,2018-06-24,Pass
2334,2018-06-24,Pass
2335,2018-06-24,Pass
2336,2018-06-24,Pass
2337,2018-06-24,Pass
2338,2018-06-24,Pass
2339,2018-06-24,Pass
2340,2018-06-24,Pass
2341,2018-06-25,Pass
2342,2018-06-25,Pass
2343,2018-06-25,Pass
2344,2018-06-25,Pass
2345,2018-06-25,Pass
2346,2018-06-25,Pass
2347,2018-06-25,Pass
2348,2018-06-25,Pass
2349,2018-06-25,Pass
2350,2018-06-25,Pass
2351,2018-06-25,Pass
2352,2018-06-25,Pass
2353,2018-06-25,Pass
2354,2018-06-25,Pass
2355,2018-06-25,Pass
2356,2018-06-25,Pass
2357,2018-06-25,Pass
2358,2018-06-25,Pass
2359,2018-06-26,Pass
2360,2018-06-26,Pass
2361,2018-06-26,Pass
2362,2018-06-26,Pass
2363,2018-06-26,Pass
2364,2018-06-26,Pass
2365,2018-06-26,Pass
2366,2018-06-26,Pass
2367,2018-06-26,Pass
2368,2018-06-26,Pass
2369,2018-06-26,Pass
2370,2018-06-26,Pass
2371,2018-06-26,Pass
2372,2018-06-26,Pass
2373,2018-06-26,Pass
2374,2018-06-26,Pass
2375,2018-06-26,Pass
2376,2018-06-27,Pass
2377,2018-06-27,Pass
2378,2018-06-27,Pass
2379,2018-06-27,Pass
2380,2018-06-27,Pass
2381,2018-06-27,Pass
2382,2018-06-27,Pass
2383,2018-06-27,Pass
2384,2018-06-27,Pass
2385,2018-06-27,Pass
2386,2018-06-27,Pass
2387,2018-06-27,Pass
2388,2018-06-27,Pass
2389,2018-06-27,Pass
2390,2018-06-27,Pass
2391,2018-06-27,Pass
2392,2018-06-27,Pass
2393,2018-06-27,Pass
2394,2018-06-28,Pass
2395,2018-06-28,Pass
2396,2018-06-28,Pass
2397,2018-06-28,Pass
2398,2018-06-28,Pass
2399,2018-06-28,Pass
2400,2018-06-28,Pass
2401,2018-06-28,Pass
2402,2018-06-28,Pass
2403,2018-06-28,Pass
2404,2018-06-28,Pass
2405,2018-06-30,Pass
2406,2018-06-30,Pass
2407,2018-06-30,Pass
2408,2018-06-30,Pass
2409,2018-06-30,Pass
2410,2018-06-30,Pass
2411,2018-06-30,Pass
2412,2018-06-30,Pass
2413,2018-06-30,Pass
2414,2018-07-01,Pass
2415,2018-07-01,Pass
2416,2018-07-01,Pass
2417,2018-07-01,Pass
2418,2018-07-02,Pass
2419,2018-07-02,Pass
2420,2018-07-02,Pass
2421,2018-07-02,Pass
2422,2018-07-02,Pass
2423,2018-07-02,Pass
2424,2018-07-02,Pass
2425,2018-07-03,Pass
2426,2018-07-03,Pass
2427,2018-07-03,Pass
2428,2018-07-03,Pass
2429,2018-07-03,Pass
2430,2018-07-03,Pass
2431,2018-07-03,Pass
2432,2018-07-03,Pass
2433,2018-07-03,Pass
2434,2018-07-03,Pass
2435,2018-07-03,Pass
2436,2018-07-03,Pass
2437,2018-07-06,Pass
2438,2018-07-06,Pass
2439,2018-07-06,Pass
2440,2018-07-06,Pass
2441,2018-07-06,Pass
2442,2018-07-06,Pass
2443,2018-07-06,Pass
2444,2018-07-06,Pass
2445,2018-07-07,Pass
2446,2018-07-07,Pass
2447,2018-07-07,Pass
2448,2018-07-07,Pass
2449,2018-07-07,Pass
2450,2018-07-07,Pass
2451,2018-07-07,Pass
2452,2018-07-07,Pass
2453,2018-07-10,Pass
2454,2018-07-10,Pass
2455,2018-07-10,Pass
2456,2018-07-10,Pass
2457,2018-07-10,Pass
2458,2018-07-11,Pass
2459,2018-07-11,Pass
2460,2018-07-11,Pass
2461,2018-07-14,Pass
2462,2018-07-14,Pass
2463,2018-07-14,Pass
2464,2018-07-15,Pass
2465,2018-07-15,Pass
2466,2018-07-15,Pass
